key,t1
lineworld,true
lineworld,true
lineworld,true
lineworld,true
lineworld,true
lineworld,true
lineworld,true
lineworld,true
lineworld,true
lineworld,true
lineworld,true
lineworld,true
lineworld,true
lineworld,true
lineworld,true
lineworld,true
lineworld,true
lineworld,true
lineworld,true
lineworld,true
lineworld,true
lineworld,true
lineworld,true
lineworld,true
lineworld,true
lineworld,true
lineworld,true
lineworld,true
lineworld,true
lineworld,true
lineworld,true
lineworld,true
lineworld,true
lineworld,true
lineworld,true
lineworld,true
lineworld,true
lineworld,true
lineworld,true
lineworld,true
lineworld,true
lineworld,true
lineworld,true
lineworld,true
lineworld,true
lineworld,true
lineworld,true
lineworld,true
lineworld,true
lineworld,true
lineworld,true
lineworld,true
lineworld,true
lineworld,true
lineworld,true
lineworld,true
lineworld,true
lineworld,true
lineworld,true
lineworld,true
lineworld,true
lineworld,true
lineworld,true
lineworld,true
lineworld,true
lineworld,true
lineworld,true
lineworld,true
lineworld,true
lineworld,true
lineworld,true
lineworld,true
lineworld,true
lineworld,true
lineworld,true
lineworld,true
lineworld,true
lineworld,true
lineworld,true
lineworld,true
lineworld,true
lineworld,true
lineworld,true
lineworld,true
lineworld,true
lineworld,true
lineworld,true
lineworld,true
lineworld,true
lineworld,true
lineworld,true
lineworld,true
lineworld,true
lineworld,true
lineworld,true
lineworld,true
lineworld,true
lineworld,true
lineworld,true
lineworld,true
lineworld,true
lineworld,true
lineworld,true
lineworld,true
lineworld,true
lineworld,true
lineworld,true
lineworld,true
lineworld,true
lineworld,true
lineworld,true
lineworld,true
lineworld,true
lineworld,true
lineworld,true
lineworld,true
lineworld,true
lineworld,true
lineworld,true
lineworld,true
lineworld,true
lineworld,true
lineworld,true
lineworld,true
lineworld,true
lineworld,true
lineworld,true
lineworld,true
lineworld,true
lineworld,true
lineworld,true
lineworld,true
lineworld,true
lineworld,true
lineworld,true
lineworld,true
lineworld,true
lineworld,true
lineworld,true
lineworld,true
lineworld,true
lineworld,true
lineworld,true
lineworld,true
lineworld,true
lineworld,true
lineworld,true
lineworld,true
lineworld,true
lineworld,true
lineworld,true
lineworld,true
lineworld,true
lineworld,true
lineworld,true
lineworld,true
lineworld,true
lineworld,true
lineworld,true
lineworld,true
lineworld,true
lineworld,true
lineworld,true
lineworld,true
lineworld,true
lineworld,true
lineworld,true
lineworld,true
lineworld,true
lineworld,true
lineworld,true
lineworld,true
lineworld,true
lineworld,true
lineworld,true
lineworld,true
lineworld,true
lineworld,true
lineworld,true
lineworld,true
lineworld,true
lineworld,true
lineworld,true
lineworld,true
lineworld,true
lineworld,true
lineworld,true
lineworld,true
lineworld,true
lineworld,true
lineworld,true
lineworld,true
lineworld,true
lineworld,true
lineworld,true
lineworld,true
lineworld,true
lineworld,true
lineworld,true
lineworld,true
lineworld,true
lineworld,true
lineworld,true
lineworld,true
lineworld,true
lineworld,true
lineworld,true
lineworld,true
lineworld,true
lineworld,true
lineworld,true
lineworld,true
lineworld,true
lineworld,true
lineworld,true
lineworld,true
lineworld,true
lineworld,true
lineworld,true
lineworld,true
lineworld,true
lineworld,true
lineworld,true
lineworld,true
lineworld,true
lineworld,true
lineworld,true
lineworld,true
lineworld,true
lineworld,true
lineworld,true
lineworld,true
lineworld,true
lineworld,true
lineworld,true
lineworld,true
lineworld,true
lineworld,true
lineworld,true
lineworld,true
lineworld,true
lineworld,true
lineworld,true
lineworld,true
lineworld,true
lineworld,true
lineworld,true
lineworld,true
lineworld,true
lineworld,true
lineworld,true
lineworld,true
lineworld,true
lineworld,true
lineworld,true
lineworld,true
lineworld,true
lineworld,true
lineworld,true
lineworld,true
lineworld,true
lineworld,true
lineworld,true
lineworld,true
lineworld,true
lineworld,true
lineworld,true
lineworld,true
lineworld,true
lineworld,true
lineworld,true
lineworld,true
lineworld,true
lineworld,true
lineworld,true
lineworld,true
lineworld,true
lineworld,true
lineworld,true
lineworld,true
lineworld,true
lineworld,true
lineworld,true
lineworld,true
lineworld,true
lineworld,true
lineworld,true
lineworld,true
lineworld,true
lineworld,true
lineworld,true
lineworld,true
lineworld,true
lineworld,true
lineworld,true
lineworld,true
lineworld,true
lineworld,true
lineworld,true
lineworld,true
lineworld,true
lineworld,true
lineworld,true
lineworld,true
lineworld,true
lineworld,true
lineworld,true
lineworld,true
lineworld,true
lineworld,true
lineworld,true
lineworld,true
lineworld,true
lineworld,true
lineworld,true
lineworld,true
lineworld,true
lineworld,true
lineworld,true
lineworld,true
lineworld,true
lineworld,true
lineworld,true
lineworld,true
lineworld,true
lineworld,true
lineworld,true
lineworld,true
lineworld,true
lineworld,true
lineworld,true
lineworld,true
lineworld,true
lineworld,true
lineworld,true
lineworld,true
lineworld,true
lineworld,true
lineworld,true
lineworld,true
lineworld,true
lineworld,true
lineworld,true
lineworld,true
lineworld,true
lineworld,true
lineworld,true
lineworld,true
lineworld,true
lineworld,true
lineworld,true
lineworld,true
lineworld,true
lineworld,true
lineworld,true
lineworld,true
lineworld,true
lineworld,true
lineworld,true
lineworld,true
lineworld,true
lineworld,true
lineworld,true
lineworld,true
lineworld,true
lineworld,true
lineworld,true
lineworld,true
lineworld,true
lineworld,true
lineworld,true
lineworld,true
lineworld,true
lineworld,true
lineworld,true
lineworld,true
lineworld,true
lineworld,true
lineworld,true
lineworld,true
lineworld,true
lineworld,true
lineworld,true
lineworld,true
lineworld,true
lineworld,true
lineworld,true
lineworld,true
lineworld,true
lineworld,true
lineworld,true
lineworld,true
lineworld,true
lineworld,true
lineworld,true
lineworld,true
lineworld,true
lineworld,true
lineworld,true
lineworld,true
lineworld,true
lineworld,true
lineworld,true
lineworld,true
lineworld,true
lineworld,true
lineworld,true
lineworld,true
lineworld,true
lineworld,true
lineworld,true
lineworld,true
lineworld,true
lineworld,true
lineworld,true
lineworld,true
lineworld,true
lineworld,true
lineworld,true
lineworld,true
lineworld,true
lineworld,true
lineworld,true
lineworld,true
lineworld,true
lineworld,true
lineworld,true
lineworld,true
lineworld,true
lineworld,true
lineworld,true
lineworld,true
lineworld,true
lineworld,true
lineworld,true
lineworld,true
lineworld,true
lineworld,true
lineworld,true
lineworld,true
lineworld,true
lineworld,true
lineworld,true
lineworld,true
lineworld,true
lineworld,true
lineworld,true
lineworld,true
lineworld,true
lineworld,true
lineworld,true
lineworld,true
lineworld,true
lineworld,true
lineworld,true
lineworld,true
lineworld,true
lineworld,true
lineworld,true
lineworld,true
lineworld,true
lineworld,true
lineworld,true
lineworld,true
lineworld,true
lineworld,true
lineworld,true
lineworld,true
lineworld,true
lineworld,true
lineworld,true
lineworld,true
lineworld,true
lineworld,true
lineworld,true
lineworld,true
lineworld,true
lineworld,true
lineworld,true
lineworld,true
lineworld,true
lineworld,true
lineworld,true
lineworld,true
lineworld,true
lineworld,true
lineworld,true
lineworld,true
lineworld,true
lineworld,true
lineworld,true
lineworld,true
lineworld,true
lineworld,true
lineworld,true
lineworld,true
lineworld,true
lineworld,true
lineworld,true
lineworld,true
lineworld,true
lineworld,true
lineworld,true
lineworld,true
lineworld,true
lineworld,true
lineworld,true
lineworld,true
lineworld,true
lineworld,true
lineworld,true
lineworld,true
lineworld,true
lineworld,true
lineworld,true
lineworld,true
lineworld,true
lineworld,true
lineworld,true
lineworld,true
lineworld,true
lineworld,true
lineworld,true
lineworld,true
lineworld,true
lineworld,true
lineworld,true
lineworld,true
lineworld,true
lineworld,true
lineworld,true
lineworld,true
lineworld,true
lineworld,true
lineworld,true
lineworld,true
lineworld,true
lineworld,true
lineworld,true
lineworld,true
lineworld,true
lineworld,true
lineworld,true
lineworld,true
lineworld,true
lineworld,true
lineworld,true
lineworld,true
lineworld,true
lineworld,true
lineworld,true
lineworld,true
lineworld,true
lineworld,true
lineworld,true
lineworld,true
lineworld,true
lineworld,true
lineworld,true
lineworld,true
lineworld,true
lineworld,true
lineworld,true
lineworld,true
lineworld,true
lineworld,true
lineworld,true
lineworld,true
lineworld,true
lineworld,true
lineworld,true
lineworld,true
lineworld,true
lineworld,true
lineworld,true
lineworld,true
lineworld,true
lineworld,true
lineworld,true
lineworld,true
lineworld,true
lineworld,true
lineworld,true
lineworld,true
lineworld,true
lineworld,true
lineworld,true
lineworld,true
lineworld,true
lineworld,true
lineworld,true
lineworld,true
lineworld,true
lineworld,true
lineworld,true
lineworld,true
lineworld,true
lineworld,true
lineworld,true
lineworld,true
lineworld,true
lineworld,true
lineworld,true
lineworld,true
lineworld,true
lineworld,true
lineworld,true
lineworld,true
lineworld,true
lineworld,true
lineworld,true
lineworld,true
lineworld,true
lineworld,true
lineworld,true
lineworld,true
lineworld,true
lineworld,true
lineworld,true
lineworld,true
lineworld,true
lineworld,true
lineworld,true
lineworld,true
lineworld,true
lineworld,true
lineworld,true
lineworld,true
lineworld,true
lineworld,true
lineworld,true
lineworld,true
lineworld,true
lineworld,true
lineworld,true
lineworld,true
lineworld,true
lineworld,true
lineworld,true
lineworld,true
lineworld,true
lineworld,true
lineworld,true
lineworld,true
lineworld,true
lineworld,true
lineworld,true
lineworld,true
lineworld,true
lineworld,true
lineworld,true
lineworld,true
lineworld,true
lineworld,true
lineworld,true
lineworld,true
lineworld,true
lineworld,true
lineworld,true
lineworld,true
lineworld,true
lineworld,true
lineworld,true
lineworld,true
lineworld,true
lineworld,true
lineworld,true
lineworld,true
lineworld,true
lineworld,true
lineworld,true
lineworld,true
lineworld,true
lineworld,true
lineworld,true
lineworld,true
lineworld,true
lineworld,true
lineworld,true
lineworld,true
lineworld,true
lineworld,true
lineworld,true
lineworld,true
lineworld,true
lineworld,true
lineworld,true
lineworld,true
lineworld,true
lineworld,true
lineworld,true
lineworld,true
lineworld,true
lineworld,true
lineworld,true
lineworld,true
lineworld,true
lineworld,true
lineworld,true
lineworld,true
lineworld,true
lineworld,true
lineworld,true
lineworld,true
lineworld,true
lineworld,true
lineworld,true
lineworld,true
lineworld,true
lineworld,true
lineworld,true
lineworld,true
lineworld,true
lineworld,true
lineworld,true
lineworld,true
lineworld,true
lineworld,true
lineworld,true
lineworld,true
lineworld,true
lineworld,true
lineworld,true
lineworld,true
lineworld,true
lineworld,true
lineworld,true
lineworld,true
lineworld,true
lineworld,true
lineworld,true
lineworld,true
lineworld,true
lineworld,true
lineworld,true
lineworld,true
lineworld,true
lineworld,true
lineworld,true
lineworld,true
lineworld,true
lineworld,true
lineworld,true
lineworld,true
lineworld,true
lineworld,true
lineworld,true
lineworld,true
lineworld,true
lineworld,true
lineworld,true
lineworld,true
lineworld,true
lineworld,true
lineworld,true
lineworld,true
lineworld,true
lineworld,true
lineworld,true
lineworld,true
lineworld,true
lineworld,true
lineworld,true
lineworld,true
lineworld,true
lineworld,true
lineworld,true
lineworld,true
lineworld,true
lineworld,true
lineworld,true
lineworld,true
lineworld,true
lineworld,true
lineworld,true
lineworld,true
lineworld,true
lineworld,true
lineworld,true
lineworld,true
lineworld,true
lineworld,true
lineworld,true
lineworld,true
lineworld,true
lineworld,true
lineworld,true
lineworld,true
lineworld,true
lineworld,true
lineworld,true
lineworld,true
lineworld,true
lineworld,true
lineworld,true
lineworld,true
lineworld,true
lineworld,true
lineworld,true
lineworld,true
lineworld,true
lineworld,true
lineworld,true
lineworld,true
lineworld,true
lineworld,true
lineworld,true
lineworld,true
lineworld,true
lineworld,true
lineworld,true
lineworld,true
lineworld,true
lineworld,true
lineworld,true
lineworld,true
lineworld,true
lineworld,true
lineworld,true
lineworld,true
lineworld,true
lineworld,true
lineworld,true
lineworld,true
lineworld,true
lineworld,true
lineworld,true
lineworld,true
lineworld,true
lineworld,true
lineworld,true
lineworld,true
lineworld,true
lineworld,true
lineworld,true
lineworld,true
lineworld,true
lineworld,true
lineworld,true
lineworld,true
lineworld,true
lineworld,true
lineworld,true
lineworld,true
lineworld,true
lineworld,true
lineworld,true
lineworld,true
lineworld,true
lineworld,true
lineworld,true
lineworld,true
lineworld,true
lineworld,true
lineworld,true
lineworld,true
lineworld,true
lineworld,true
lineworld,true
lineworld,true
lineworld,true
lineworld,true
lineworld,true
lineworld,true
lineworld,true
lineworld,true
lineworld,true
lineworld,true
lineworld,true
lineworld,true
lineworld,true
lineworld,true
lineworld,true
lineworld,true
lineworld,true
lineworld,true
lineworld,true
lineworld,true
lineworld,true
lineworld,true
lineworld,true
lineworld,true
lineworld,true
lineworld,true
lineworld,true
lineworld,true
lineworld,true
lineworld,true
lineworld,true
lineworld,true
lineworld,true
lineworld,true
lineworld,true
lineworld,true
lineworld,true
lineworld,true
lineworld,true
lineworld,true
lineworld,true
lineworld,true
lineworld,true
lineworld,true
lineworld,true
lineworld,true
lineworld,true
lineworld,true
lineworld,true
lineworld,true
lineworld,true
lineworld,true
lineworld,true
lineworld,true
lineworld,true
lineworld,true
lineworld,true
lineworld,true
lineworld,true
lineworld,true
lineworld,true
lineworld,true
lineworld,true
lineworld,true
lineworld,true
lineworld,true
lineworld,true
lineworld,true
lineworld,true
lineworld,true
lineworld,true
lineworld,true
lineworld,true
lineworld,true
lineworld,true
lineworld,true
lineworld,true
lineworld,true
lineworld,true
lineworld,true
lineworld,true
lineworld,true
lineworld,true
lineworld,true
lineworld,true
lineworld,true
lineworld,true
lineworld,true
lineworld,true
lineworld,true
lineworld,true
lineworld,true
lineworld,true
lineworld,true
lineworld,true
lineworld,true
lineworld,true
lineworld,true
lineworld,true
lineworld,true
lineworld,true
lineworld,true
lineworld,true
lineworld,true
lineworld,true
lineworld,true
lineworld,true
lineworld,true
lineworld,true
lineworld,true
lineworld,true
lineworld,true
lineworld,true
lineworld,true
lineworld,true
lineworld,true
lineworld,true
lineworld,true
lineworld,true
lineworld,true
lineworld,true
lineworld,true
lineworld,true
lineworld,true
lineworld,true
lineworld,true
lineworld,true
lineworld,true
lineworld,true
lineworld,true
lineworld,true
lineworld,true
lineworld,true
lineworld,true
lineworld,true
lineworld,true
lineworld,true
lineworld,true
lineworld,true
lineworld,true
lineworld,true
lineworld,true
